{
  "name": "lib",
  "dependencies": {
    "@mermaid-js/mermaid-cli": {
      "version": "11.10.1",
      "overridden": false
    },
    "docx": {
      "version": "9.5.1",
      "overridden": false
    },
    "markdown-pdf": {
      "version": "11.0.0",
      "overridden": false
    },
    "markdown-toc": {
      "version": "1.2.0",
      "overridden": false
    },
    "markdownlint-cli": {
      "version": "0.45.0",
      "overridden": false
    },
    "markdownlint-cli2": {
      "version": "0.18.1",
      "overridden": false
    },
    "marked": {
      "version": "16.3.0",
      "overridden": false
    },
    "pdf-lib": {
      "version": "1.17.1",
      "overridden": false
    },
    "pdfjs-dist": {
      "version": "5.4.149",
      "overridden": false
    },
    "playwright": {
      "version": "1.55.0",
      "overridden": false
    },
    "pptxgenjs": {
      "version": "4.0.1",
      "overridden": false
    },
    "react-dom": {
      "version": "19.1.1",
      "overridden": false
    },
    "react-icons": {
      "version": "5.5.0",
      "overridden": false
    },
    "react": {
      "version": "19.1.1",
      "overridden": false
    },
    "remark-cli": {
      "version": "12.0.1",
      "overridden": false
    },
    "remark-preset-lint-recommended": {
      "version": "7.0.1",
      "overridden": false
    },
    "sharp": {
      "version": "0.34.3",
      "overridden": false
    },
    "ts-node": {
      "version": "10.9.2",
      "overridden": false
    },
    "tsx": {
      "version": "4.20.5",
      "overridden": false
    },
    "typescript": {
      "version": "5.9.2",
      "overridden": false
    }
  }
}
