[{"name": "absl-py", "version": "2.3.1"}, {"name": "argcomplete", "version": "3.1.4"}, {"name": "attrs", "version": "25.3.0"}, {"name": "babel", "version": "2.17.0"}, {"name": "backrefs", "version": "5.9"}, {"name": "beautifulsoup4", "version": "4.13.5"}, {"name": "blinker", "version": "1.9.0"}, {"name": "camelot-py", "version": "1.0.9"}, {"name": "certifi", "version": "2025.8.3"}, {"name": "cffi", "version": "2.0.0"}, {"name": "chardet", "version": "5.2.0"}, {"name": "charset-normalizer", "version": "3.4.3"}, {"name": "click", "version": "8.2.1"}, {"name": "colorama", "version": "0.4.6"}, {"name": "coloredlogs", "version": "15.0.1"}, {"name": "contourpy", "version": "1.3.3"}, {"name": "cryptography", "version": "46.0.0"}, {"name": "cycler", "version": "0.12.1"}, {"name": "dbus-python", "version": "1.3.2"}, {"name": "defusedxml", "version": "0.7.1"}, {"name": "Deprecated", "version": "1.2.18"}, {"name": "distro", "version": "1.9.0"}, {"name": "docopt", "version": "0.6.2"}, {"name": "et_xmlfile", "version": "2.0.0"}, {"name": "Flask", "version": "3.1.2"}, {"name": "flatbuffers", "version": "25.2.10"}, {"name": "fonttools", "version": "4.59.2"}, {"name": "freetype-py", "version": "2.3.0"}, {"name": "ghp-import", "version": "2.1.0"}, {"name": "greenlet", "version": "3.2.4"}, {"name": "grip", "version": "4.6.2"}, {"name": "gyp", "version": "0.1"}, {"name": "httplib2", "version": "0.20.4"}, {"name": "humanfriendly", "version": "10.0"}, {"name": "idna", "version": "3.10"}, {"name": "imageio", "version": "2.37.0"}, {"name": "imageio-ffmpeg", "version": "0.6.0"}, {"name": "img2pdf", "version": "0.6.1"}, {"name": "itsdangerous", "version": "2.2.0"}, {"name": "jax", "version": "0.7.2"}, {"name": "jaxlib", "version": "0.7.2"}, {"name": "Jinja2", "version": "3.1.6"}, {"name": "joblib", "version": "1.5.2"}, {"name": "kiwisolver", "version": "1.4.9"}, {"name": "launchpadlib", "version": "1.11.0"}, {"name": "lazr.restfulclient", "version": "0.14.6"}, {"name": "lazr.uri", "version": "1.0.6"}, {"name": "lazy_loader", "version": "0.4"}, {"name": "lxml", "version": "6.0.1"}, {"name": "magika", "version": "0.6.2"}, {"name": "Markdown", "version": "3.9"}, {"name": "markdown-it-py", "version": "4.0.0"}, {"name": "markdownify", "version": "1.2.0"}, {"name": "markitdown", "version": "0.1.3"}, {"name": "marko", "version": "2.2.0"}, {"name": "MarkupSafe", "version": "3.0.2"}, {"name": "matplotlib", "version": "3.10.6"}, {"name": "mdurl", "version": "0.1.2"}, {"name": "mediapipe", "version": "0.10.14"}, {"name": "mergedeep", "version": "1.3.4"}, {"name": "mistune", "version": "3.1.4"}, {"name": "mkdocs", "version": "1.6.1"}, {"name": "mkdocs-get-deps", "version": "0.2.0"}, {"name": "mkdocs-material", "version": "9.6.20"}, {"name": "mkdocs-material-extensions", "version": "1.3.1"}, {"name": "ml_dtypes", "version": "0.5.3"}, {"name": "mpmath", "version": "1.3.0"}, {"name": "networkx", "version": "3.5"}, {"name": "numpy", "version": "2.3.3"}, {"name": "oauthlib", "version": "3.2.2"}, {"name": "odfpy", "version": "1.4.1"}, {"name": "onnxruntime", "version": "1.22.1"}, {"name": "opencv-contrib-python", "version": "4.11.0.86"}, {"name": "opencv-python", "version": "4.11.0.86"}, {"name": "opencv-python-headless", "version": "4.11.0.86"}, {"name": "openpyxl", "version": "3.1.5"}, {"name": "opt_einsum", "version": "3.4.0"}, {"name": "packaging", "version": "25.0"}, {"name": "paginate", "version": "0.5.7"}, {"name": "pandas", "version": "2.3.2"}, {"name": "path-and-address", "version": "2.0.1"}, {"name": "pathspec", "version": "0.12.1"}, {"name": "pdf2image", "version": "1.17.0"}, {"name": "pdfkit", "version": "1.0.0"}, {"name": "pdfminer.six", "version": "20250506"}, {"name": "pdfplumber", "version": "0.11.7"}, {"name": "pikepdf", "version": "9.11.0"}, {"name": "pillow", "version": "11.3.0"}, {"name": "pip", "version": "24.0"}, {"name": "pipx", "version": "1.4.3"}, {"name": "platformdirs", "version": "4.4.0"}, {"name": "playwright", "version": "1.55.0"}, {"name": "protobuf", "version": "4.25.8"}, {"name": "psutil", "version": "7.0.0"}, {"name": "pycairo", "version": "1.28.0"}, {"name": "pycparser", "version": "2.23"}, {"name": "pyee", "version": "13.0.0"}, {"name": "Pygments", "version": "2.19.2"}, {"name": "PyGObject", "version": "3.48.2"}, {"name": "PyJWT", "version": "2.7.0"}, {"name": "pymdown-extensions", "version": "10.16.1"}, {"name": "pyoo", "version": "1.4"}, {"name": "pyparsing", "version": "3.2.4"}, {"name": "pypdf", "version": "5.9.0"}, {"name": "pypdfium2", "version": "4.30.0"}, {"name": "pytesseract", "version": "0.3.13"}, {"name": "python-apt", "version": "2.7.7+ubuntu5"}, {"name": "python-dateutil", "version": "2.9.0.post0"}, {"name": "python-docx", "version": "1.2.0"}, {"name": "python-dotenv", "version": "1.1.1"}, {"name": "python-pptx", "version": "1.0.2"}, {"name": "pytz", "version": "2025.2"}, {"name": "PyYAML", "version": "6.0.2"}, {"name": "pyyaml_env_tag", "version": "1.1"}, {"name": "reportlab", "version": "4.4.3"}, {"name": "requests", "version": "2.32.5"}, {"name": "rlPyCairo", "version": "0.4.0"}, {"name": "scikit-image", "version": "0.25.2"}, {"name": "scikit-learn", "version": "1.7.2"}, {"name": "scipy", "version": "1.16.2"}, {"name": "seaborn", "version": "0.13.2"}, {"name": "setuptools", "version": "68.1.2"}, {"name": "six", "version": "1.17.0"}, {"name": "sounddevice", "version": "0.5.2"}, {"name": "soupsieve", "version": "2.8"}, {"name": "sympy", "version": "1.14.0"}, {"name": "tabula-py", "version": "2.10.0"}, {"name": "tabulate", "version": "0.9.0"}, {"name": "threadpoolctl", "version": "3.6.0"}, {"name": "tifffile", "version": "2025.9.9"}, {"name": "typing_extensions", "version": "4.15.0"}, {"name": "tzdata", "version": "2025.2"}, {"name": "unoserver", "version": "3.3.2"}, {"name": "urllib3", "version": "2.5.0"}, {"name": "userpath", "version": "1.9.1"}, {"name": "wadllib", "version": "1.3.6"}, {"name": "Wand", "version": "0.6.13"}, {"name": "watchdog", "version": "6.0.0"}, {"name": "Werkzeug", "version": "3.1.3"}, {"name": "wheel", "version": "0.42.0"}, {"name": "wrapt", "version": "1.17.3"}, {"name": "xlsxwriter", "version": "3.2.9"}]
